,date,open,close,high,low,volume,code
0,2016-01-04,207.277,199.671,207.277,199.661,17349.0,600519
1,2016-01-05,199.671,202.352,203.446,197.303,31908.0,600519
2,2016-01-06,202.314,201.744,203.151,199.005,23760.0,600519
3,2016-01-07,198.711,192.283,198.711,190.191,8148.0,600519
4,2016-01-08,194.128,194.565,197.769,190.163,44510.0,600519
5,2016-01-11,193.167,190.03,193.766,189.592,29702.0,600519
6,2016-01-12,191.209,187.111,192.16,186.36,40287.0,600519
7,2016-01-13,189.307,189.954,195.868,188.832,29201.0,600519
8,2016-01-14,187.415,194.746,195.849,185.894,34776.0,600519
9,2016-01-15,194.679,189.212,196.039,188.261,26681.0,600519
10,2016-01-18,188.261,189.621,192.445,187.501,27371.0,600519
11,2016-01-19,191.114,199.899,199.985,190.172,59110.0,600519
12,2016-01-20,196.819,192.369,199.823,191.123,40968.0,600519
13,2016-01-21,191.361,190.41,194.527,190.068,21832.0,600519
14,2016-01-22,193.12,192.768,193.396,189.031,22733.0,600519
15,2016-01-25,193.015,192.797,193.481,191.589,13750.0,600519
16,2016-01-26,191.104,189.222,194.413,188.737,22280.0,600519
17,2016-01-27,190.144,190.096,191.009,186.074,29840.0,600519
18,2016-01-28,189.925,186.968,189.925,185.998,17903.0,600519
19,2016-01-29,187.767,190.781,192.54,187.31,23090.0,600519
20,2016-02-01,192.16,191.389,192.825,190.058,19178.0,600519
21,2016-02-02,192.064,194.489,194.727,190.771,17842.0,600519
22,2016-02-03,192.616,193.643,194.499,191.589,15156.0,600519
23,2016-02-04,194.727,194.907,195.754,193.529,16624.0,600519
24,2016-02-05,194.907,193.842,195.088,192.568,14227.0,600519
25,2016-02-15,190.163,190.553,193.015,189.783,19470.0,600519
26,2016-02-16,190.695,193.89,197.769,190.695,19223.0,600519
27,2016-02-17,193.719,192.35,194.841,190.648,20349.0,600519
28,2016-02-18,193.205,191.789,193.586,191.209,18892.0,600519
29,2016-02-19,191.703,193.12,193.186,191.237,14238.0,600519
30,2016-02-22,195.868,197.579,198.074,195.868,27759.0,600519
31,2016-02-23,197.551,201.962,204.406,196.838,37460.0,600519
32,2016-02-24,201.763,207.03,207.306,200.631,33129.0,600519
33,2016-02-25,208.038,201.962,209.636,201.696,39480.0,600519
34,2016-02-26,202.619,206.175,208.466,200.869,28332.0,600519
35,2016-02-29,208.219,204.339,210.016,196.628,47712.0,600519
36,2016-03-01,205.338,207.677,209.464,200.051,34004.0,600519
37,2016-03-02,208.228,213.192,214.409,207.915,47942.0,600519
38,2016-03-03,213.933,216.605,220.57,210.757,40193.0,600519
39,2016-03-04,215.721,227.035,228.348,213.943,85838.0,600519
40,2016-03-07,226.398,222.148,228.195,219.686,39345.0,600519
41,2016-03-08,221.825,217.936,221.825,215.835,26147.0,600519
42,2016-03-09,215.835,216.253,221.207,214.979,16402.0,600519
43,2016-03-10,217.727,216.843,222.205,216.786,25727.0,600519
44,2016-03-11,215.397,216.833,220.475,214.409,16320.0,600519
45,2016-03-14,219.41,213.524,222.015,211.271,45277.0,600519
46,2016-03-15,213.743,220.513,222.861,213.306,36356.0,600519
47,2016-03-16,218.896,217.366,221.064,213.933,24250.0,600519
48,2016-03-17,218.687,218.269,222.586,217.071,28820.0,600519
49,2016-03-18,220.589,214.884,220.836,214.675,70568.0,600519
50,2016-03-21,215.512,220.57,220.608,215.502,38547.0,600519
51,2016-03-22,220.836,222.956,226.465,220.113,41766.0,600519
52,2016-03-23,223.632,223.413,225.343,221.235,21412.0,600519
53,2016-03-24,223.441,230.725,233.33,219.923,62068.0,600519
54,2016-03-25,230.572,232.93,237.504,229.165,44756.0,600519
55,2016-03-28,232.93,237.304,240.917,232.93,48337.0,600519
56,2016-03-29,237.323,235.907,238.654,232.417,36688.0,600519
57,2016-03-30,236.753,236.429,238.084,233.406,27782.0,600519
58,2016-03-31,237.551,235.46,237.989,234.842,19457.0,600519
59,2016-04-01,236.705,233.035,238.169,232.512,25146.0,600519
60,2016-04-05,231.048,233.444,235.327,231.048,25047.0,600519
61,2016-04-06,233.71,244.559,244.93,233.71,48424.0,600519
62,2016-04-07,244.255,241.611,244.816,240.195,25536.0,600519
63,2016-04-08,239.605,237.57,243.304,235.992,23156.0,600519
64,2016-04-11,238.179,231.732,242.629,231.523,119284.0,600519
65,2016-04-12,231.713,232.873,232.949,230.192,23339.0,600519
66,2016-04-13,233.33,230.325,236.401,229.812,54274.0,600519
67,2016-04-14,230.458,230.82,232.788,229.146,28664.0,600519
68,2016-04-15,230.706,232.854,232.93,229.336,19029.0,600519
69,2016-04-18,230.858,231.694,233.9,230.572,18593.0,600519
70,2016-04-19,232.56,231.219,233.13,229.574,14236.0,600519
71,2016-04-20,231.229,226.712,232.379,224.202,33708.0,600519
72,2016-04-21,228.671,228.547,230.382,226.579,29672.0,600519
73,2016-04-22,229.146,235.231,235.688,228.547,35459.0,600519
74,2016-04-25,234.965,232.493,235.897,231.333,24990.0,600519
75,2016-04-26,232.902,231.866,234.737,231.048,15156.0,600519
76,2016-04-27,232.474,232.835,233.406,231.514,13915.0,600519
77,2016-04-28,233.739,234.319,234.604,231.999,17156.0,600519
78,2016-04-29,235.222,238.845,240.014,235.222,46079.0,600519
79,2016-05-03,238.226,247.212,249.38,238.226,56474.0,600519
80,2016-05-04,247.212,243.608,249.484,243.399,28636.0,600519
81,2016-05-05,243.884,245.091,245.453,242.933,13517.0,600519
82,2016-05-06,244.654,239.814,245.804,238.768,27173.0,600519
83,2016-05-09,237.827,238.483,240.366,236.762,27799.0,600519
84,2016-05-10,237.228,239.681,241.507,236.857,33505.0,600519
85,2016-05-11,239.938,244.236,247.668,239.938,49277.0,600519
86,2016-05-12,241.526,243.37,243.941,239.605,18894.0,600519
87,2016-05-13,243.389,238.616,246.166,238.179,28145.0,600519
88,2016-05-16,238.521,239.253,239.415,235.136,22202.0,600519
89,2016-05-17,238.664,237.732,239.986,237.542,11785.0,600519
90,2016-05-18,236.829,232.417,239.463,231.143,28380.0,600519
91,2016-05-19,233.102,233.682,236.277,232.474,20889.0,600519
92,2016-05-20,234.699,238.902,239.776,232.303,25501.0,600519
93,2016-05-23,237.437,241.697,242.448,237.437,18706.0,600519
94,2016-05-24,241.897,239.548,242.657,237.799,11674.0,600519
95,2016-05-25,241.963,239.472,242.401,238.664,17785.0,600519
96,2016-05-26,239.596,240.28,241.317,236.943,18120.0,600519
97,2016-05-27,240.29,240.024,242.163,239.016,13230.0,600519
98,2016-05-30,239.13,243.532,243.884,237.704,29806.0,600519
99,2016-05-31,243.408,251.462,253.506,242.648,53949.0,600519
100,2016-06-01,252.346,250.815,252.441,250.064,21876.0,600519
101,2016-06-02,250.074,254.571,255.465,250.074,24760.0,600519
102,2016-06-03,253.867,269.927,272.636,253.297,64798.0,600519
103,2016-06-06,268.13,262.472,269.08,261.474,37261.0,600519
104,2016-06-07,262.9,264.184,264.792,261.483,18753.0,600519
105,2016-06-08,262.805,260.789,264.193,260.048,23882.0,600519
106,2016-06-13,259.905,253.924,263.052,253.154,37775.0,600519
107,2016-06-14,254.542,259.335,260.333,254.542,25587.0,600519
108,2016-06-15,257.395,262.891,264.136,256.919,27322.0,600519
109,2016-06-16,261.341,260.542,264.136,260.314,19643.0,600519
110,2016-06-17,260.143,264.574,268.595,260.143,24705.0,600519
111,2016-06-20,266.009,262.529,266.095,260.523,19019.0,600519
112,2016-06-21,263.414,260.342,264.269,259.572,16749.0,600519
113,2016-06-22,260.304,264.745,265.619,259.354,20884.0,600519
114,2016-06-23,266.199,262.843,266.199,261.36,13984.0,600519
115,2016-06-24,261.74,260.304,263.376,254.058,20129.0,600519
116,2016-06-27,261.474,273.53,277.923,261.474,63642.0,600519
117,2016-06-28,272.903,274.034,275.413,272.237,24282.0,600519
118,2016-06-29,273.407,274.006,275.213,270.221,28147.0,600519
119,2016-06-30,275.755,277.562,283.533,275.755,38022.0,600519
120,2016-07-01,278.96,277.959,283.506,275.852,26014.0,600519
121,2016-07-04,278.766,285.468,286.925,277.794,29488.0,600519
122,2016-07-05,286.565,291.956,294.404,286.565,41707.0,600519
123,2016-07-06,291.198,308.089,308.876,290.431,47347.0,600519
124,2016-07-07,306.739,307.817,317.424,303.126,50725.0,600519
125,2016-07-08,304.534,301.018,306.448,297.376,45545.0,600519
126,2016-07-11,300.164,306.098,314.704,300.164,57481.0,600519
127,2016-07-12,306.7,315.413,317.229,305.962,53119.0,600519
128,2016-07-13,313.762,308.089,315.413,306.011,53448.0,600519
129,2016-07-14,307.021,307.992,311.596,306.157,29230.0,600519
130,2016-07-15,308.021,308.41,308.905,306.021,26811.0,600519
131,2016-07-18,308.391,307.138,310.333,306.603,23352.0,600519
132,2016-07-19,306.448,299.27,307.225,296.783,41431.0,600519
133,2016-07-20,299.765,299.707,301.951,298.677,17733.0,600519
134,2016-07-21,301.251,305.36,308.488,300.134,33009.0,600519
135,2016-07-22,303.923,299.085,306.157,298.561,28871.0,600519
136,2016-07-25,298.775,302.33,305.175,298.192,23623.0,600519
137,2016-07-26,300.144,309.886,310.333,299.649,35555.0,600519
138,2016-07-27,310.673,305.001,311.402,299.454,39228.0,600519
139,2016-07-28,303.048,306.982,310.139,302.563,39643.0,600519
140,2016-07-29,306.04,304.165,309.731,304.02,29007.0,600519
141,2016-08-01,304.02,298.153,304.942,296.249,31701.0,600519
142,2016-08-02,298.435,297.424,301.591,294.161,26541.0,600519
143,2016-08-03,298.192,298.017,299.066,295.424,24039.0,600519
144,2016-08-04,298.046,297.512,299.484,295.492,21793.0,600519
145,2016-08-05,297.696,297.152,299.522,296.278,20308.0,600519
146,2016-08-08,297.366,299.26,299.454,294.365,22007.0,600519
147,2016-08-09,299.328,306.691,308.556,297.628,39289.0,600519
148,2016-08-10,306.011,304.806,307.419,304.34,20944.0,600519
149,2016-08-11,305.36,307.681,312.344,305.001,31939.0,600519
150,2016-08-12,308.293,307.876,308.293,305.001,23352.0,600519
151,2016-08-15,306.739,309.634,312.46,305.137,34110.0,600519
152,2016-08-16,312.761,300.639,313.228,299.163,88378.0,600519
153,2016-08-17,300.717,299.319,302.048,297.706,43754.0,600519
154,2016-08-18,299.115,297.638,300.766,296.375,31005.0,600519
155,2016-08-19,297.026,297.687,298.629,296.055,19140.0,600519
156,2016-08-22,297.347,298.503,300.698,297.22,20812.0,600519
157,2016-08-23,298.512,298.075,300.173,297.026,19914.0,600519
158,2016-08-24,298.211,296.521,298.668,295.113,22779.0,600519
159,2016-08-25,296.443,294.316,296.618,291.461,25362.0,600519
160,2016-08-26,294.443,292.801,295.812,291.781,21436.0,600519
161,2016-08-29,299.163,298.707,299.94,296.443,38055.0,600519
162,2016-08-30,298.192,297.084,299.649,295.929,21170.0,600519
163,2016-08-31,297.9,301.29,301.844,296.774,40401.0,600519
164,2016-09-01,300.814,299.853,303.048,299.406,17185.0,600519
165,2016-09-02,299.163,297.007,300.571,296.133,18572.0,600519
166,2016-09-05,297.415,299.649,300.134,297.036,19138.0,600519
167,2016-09-06,299.649,301.047,301.455,299.503,20625.0,600519
168,2016-09-07,300.795,297.803,300.795,296.735,29645.0,600519
169,2016-09-08,296.453,297.046,297.706,295.676,16705.0,600519
170,2016-09-09,297.852,295.89,298.056,295.278,16222.0,600519
171,2016-09-12,293.335,289.508,295.278,289.227,38238.0,600519
172,2016-09-13,291.344,291.81,292.335,290.713,16255.0,600519
173,2016-09-14,291.49,290.975,293.53,289.46,18527.0,600519
174,2016-09-19,291.441,291.519,292.918,291.276,12852.0,600519
175,2016-09-20,292.15,286.497,292.17,285.565,34892.0,600519
176,2016-09-21,286.594,285.613,286.915,280.815,39037.0,600519
177,2016-09-22,285.856,288.459,291.373,285.574,29606.0,600519
178,2016-09-23,288.498,289.139,290.373,286.925,12671.0,600519
179,2016-09-26,288.479,280.446,288.488,280.271,37176.0,600519
180,2016-09-27,280.592,282.816,283.603,280.475,17915.0,600519
181,2016-09-28,283.418,280.135,283.418,279.31,22360.0,600519
182,2016-09-29,279.591,282.631,284.593,279.591,23705.0,600519
183,2016-09-30,281.68,289.363,291.033,281.68,29603.0,600519
184,2016-10-10,289.945,294.268,295.142,289.945,21103.0,600519
185,2016-10-11,295.278,300.057,300.134,294.307,41736.0,600519
186,2016-10-12,299.649,297.046,299.649,296.152,19286.0,600519
187,2016-10-13,297.998,295.171,298.134,294.802,16143.0,600519
188,2016-10-14,294.763,296.832,297.22,294.501,12690.0,600519
189,2016-10-17,296.686,293.772,296.735,292.85,18957.0,600519
190,2016-10-18,293.821,298.347,299.649,293.335,30389.0,600519
191,2016-10-19,299.649,297.658,299.892,296.346,14123.0,600519
192,2016-10-20,298.571,296.715,298.571,296.055,14079.0,600519
193,2016-10-21,296.327,295.462,296.715,293.908,11483.0,600519
194,2016-10-24,293.918,298.124,298.192,293.918,26246.0,600519
195,2016-10-25,298.571,303.961,304.02,298.571,43762.0,600519
196,2016-10-26,304.02,304.68,309.177,302.708,46813.0,600519
197,2016-10-27,304.01,307.779,309.09,302.087,32951.0,600519
198,2016-10-28,308.391,307.953,309.294,304.991,20137.0,600519
199,2016-10-31,309.847,308.828,313.538,307.711,43596.0,600519
200,2016-11-01,308.828,307.594,309.847,306.496,19512.0,600519
201,2016-11-02,307.021,306.137,308.06,304.68,20636.0,600519
202,2016-11-03,305.962,306.798,307.38,305.137,18690.0,600519
203,2016-11-04,306.924,305.787,309.119,304.972,20619.0,600519
204,2016-11-07,305.962,306.283,307.905,304.214,16047.0,600519
205,2016-11-08,307.419,310.819,312.936,306.623,34193.0,600519
206,2016-11-09,310.819,307.72,312.732,304.797,30004.0,600519
207,2016-11-10,309.945,309.974,311.79,308.614,17804.0,600519
208,2016-11-11,308.866,306.04,309.168,305.768,35902.0,600519
209,2016-11-14,306.496,302.067,306.807,301.096,39920.0,600519
210,2016-11-15,301.135,305.001,306.594,301.135,24470.0,600519
211,2016-11-16,304.806,304.165,306.351,303.048,13399.0,600519
212,2016-11-17,303.126,302.116,304.02,301.621,18337.0,600519
213,2016-11-18,302.232,301.106,302.854,300.989,19377.0,600519
214,2016-11-21,302.096,300.62,302.718,299.522,26083.0,600519
215,2016-11-22,301.397,300.008,301.543,299.522,26424.0,600519
216,2016-11-23,302.077,303.971,304.02,300.241,34015.0,600519
217,2016-11-24,304.214,307.837,307.905,302.485,39078.0,600519
218,2016-11-25,307.944,307.798,308.876,304.428,22369.0,600519
219,2016-11-28,308.439,310.333,310.994,307.516,49253.0,600519
220,2016-11-29,311.499,314.665,320.969,310.246,58830.0,600519
221,2016-11-30,312.004,309.925,314.024,309.313,26752.0,600519
222,2016-12-01,310.819,311.81,315.277,309.537,27941.0,600519
223,2016-12-02,311.79,312.538,313.927,309.847,30628.0,600519
224,2016-12-05,310.042,306.866,315.229,306.759,42060.0,600519
225,2016-12-06,307.157,317.055,317.21,307.157,38923.0,600519
226,2016-12-07,317.735,318.055,319.075,314.675,25271.0,600519
227,2016-12-08,318.599,328.021,330.245,317.618,54475.0,600519
228,2016-12-09,327.525,328.069,329.682,324.437,34495.0,600519
229,2016-12-12,328.011,317.482,330.245,316.355,50332.0,600519
230,2016-12-13,317.463,323.456,325.388,316.161,41780.0,600519
231,2016-12-14,323.446,322.737,324.485,319.075,32029.0,600519
232,2016-12-15,322.921,318.638,323.436,316.239,39202.0,600519
233,2016-12-16,317.618,318.181,320.415,314.296,25051.0,600519
234,2016-12-19,316.647,316.608,324.777,316.268,30471.0,600519
235,2016-12-20,316.686,317.113,317.618,312.577,30831.0,600519
236,2016-12-21,317.521,319.23,319.842,314.277,24711.0,600519
237,2016-12-22,318.589,315.87,319.036,315.559,14678.0,600519
238,2016-12-23,314.267,310.848,315.19,309.974,31095.0,600519
239,2016-12-26,309.877,315.17,315.666,307.128,26001.0,600519
240,2016-12-27,315.199,316.802,319.366,314.218,20062.0,600519
241,2016-12-28,317.608,314.432,318.589,314.053,17878.0,600519
242,2016-12-29,314.704,317.919,318.463,313.733,21225.0,600519
243,2016-12-30,317.239,324.563,325.67,317.239,34687.0,600519
244,2017-01-03,324.689,324.961,327.331,323.261,20763.0,600519
245,2017-01-04,325.019,341.813,342.066,325.0,65257.0,600519
246,2017-01-05,339.958,336.792,341.366,335.529,41704.0,600519
247,2017-01-06,336.694,340.696,349.457,336.17,68095.0,600519
248,2017-01-09,337.821,338.511,342.755,336.597,35405.0,600519
249,2017-01-10,338.453,338.987,341.901,336.656,31727.0,600519
250,2017-01-11,338.015,335.539,338.015,333.645,23598.0,600519
251,2017-01-12,336.607,337.093,337.433,334.626,17779.0,600519
252,2017-01-13,337.025,334.975,337.423,334.014,18282.0,600519
253,2017-01-16,334.256,331.673,334.907,329.079,36855.0,600519
254,2017-01-17,332.77,339.113,341.415,332.188,35188.0,600519
255,2017-01-18,338.87,344.892,346.534,337.248,46005.0,600519
256,2017-01-19,344.815,344.543,348.195,341.609,28523.0,600519
257,2017-01-20,344.717,344.805,347.146,342.901,21344.0,600519
258,2017-01-23,346.641,341.143,349.477,339.434,32581.0,600519
259,2017-01-24,341.192,340.259,342.678,336.801,26914.0,600519
260,2017-01-25,339.939,337.656,339.939,336.267,22990.0,600519
261,2017-01-26,338.151,334.538,338.792,331.508,37826.0,600519
262,2017-02-03,336.073,336.898,339.162,335.102,20936.0,600519
263,2017-02-06,338.491,336.898,338.88,335.063,15680.0,600519
264,2017-02-07,336.889,333.722,337.433,333.295,20519.0,600519
265,2017-02-08,333.897,334.334,335.587,332.838,19088.0,600519
266,2017-02-09,335.102,337.637,338.783,334.723,23324.0,600519
267,2017-02-10,338.618,335.179,339.783,335.102,24056.0,600519
268,2017-02-13,334.13,339.715,341.804,332.11,53587.0,600519
269,2017-02-14,339.511,340.162,342.483,339.084,26558.0,600519
270,2017-02-15,341.415,338.53,342.328,337.238,26256.0,600519
271,2017-02-16,338.501,338.103,338.618,335.597,17642.0,600519
272,2017-02-17,338.89,340.502,344.271,337.53,29102.0,600519
273,2017-02-20,340.356,350.924,351.925,339.968,61853.0,600519
274,2017-02-21,351.497,348.447,352.031,346.932,27705.0,600519
275,2017-02-22,350.264,351.507,356.004,349.671,37130.0,600519
276,2017-02-23,350.613,351.322,354.994,349.438,23328.0,600519
277,2017-02-24,351.614,352.216,352.478,349.72,17692.0,600519
278,2017-02-27,352.09,346.951,352.439,346.563,25400.0,600519
279,2017-02-28,346.757,344.484,348.894,343.435,27473.0,600519
280,2017-03-01,344.912,346.378,347.923,344.815,21944.0,600519
281,2017-03-02,346.476,346.582,346.757,344.358,22103.0,600519
282,2017-03-03,344.815,346.31,347.942,344.815,14153.0,600519
283,2017-03-06,347.398,348.661,349.224,346.32,22818.0,600519
284,2017-03-07,347.758,356.665,358.296,347.758,46286.0,600519
285,2017-03-08,356.645,356.742,357.918,355.013,16037.0,600519
286,2017-03-09,356.47,359.287,359.365,355.072,23406.0,600519
287,2017-03-10,359.307,359.239,366.183,357.791,40951.0,600519
288,2017-03-13,359.433,360.89,363.59,356.985,27674.0,600519
289,2017-03-14,360.89,358.899,363.124,357.772,20416.0,600519
290,2017-03-15,358.899,363.93,364.386,358.423,25155.0,600519
291,2017-03-16,365.756,364.017,367.446,362.104,25022.0,600519
292,2017-03-17,362.395,367.621,373.42,362.395,34700.0,600519
293,2017-03-20,369.583,375.323,375.615,368.009,31545.0,600519
294,2017-03-21,375.459,382.705,385.124,375.411,48460.0,600519
295,2017-03-22,379.325,383.162,383.278,373.954,45532.0,600519
296,2017-03-23,380.782,378.606,382.686,375.508,34504.0,600519
297,2017-03-24,381.064,375.722,381.938,373.954,33287.0,600519
298,2017-03-27,374.954,367.951,378.092,367.534,53690.0,600519
299,2017-03-28,369.049,369.35,370.214,365.853,41187.0,600519
300,2017-03-29,370.078,372.643,374.731,369.0,37299.0,600519
301,2017-03-30,372.011,375.061,375.79,371.623,31612.0,600519
302,2017-03-31,375.119,375.275,376.868,373.157,24474.0,600519
303,2017-04-05,374.595,378.48,383.657,373.954,40789.0,600519
304,2017-04-06,377.849,380.666,381.724,375.537,28857.0,600519
305,2017-04-07,381.715,381.598,382.696,378.422,24097.0,600519
306,2017-04-10,382.696,378.033,382.696,376.868,28869.0,600519
307,2017-04-11,376.916,374.236,379.49,369.68,43530.0,600519
308,2017-04-12,374.236,379.034,379.782,373.76,27002.0,600519
309,2017-04-13,379.568,386.96,387.154,379.306,45648.0,600519
310,2017-04-14,387.97,384.104,388.407,383.667,23646.0,600519
311,2017-04-17,379.782,384.434,386.853,377.402,28793.0,600519
312,2017-04-18,383.278,393.04,394.886,383.278,49581.0,600519
313,2017-04-19,391.437,394.099,397.362,391.301,37550.0,600519
314,2017-04-20,394.439,403.394,408.367,394.439,50457.0,600519
315,2017-04-21,403.093,389.038,403.676,388.523,49332.0,600519
316,2017-04-24,389.126,387.115,393.38,377.839,50037.0,600519
317,2017-04-25,393.186,406.872,408.115,393.186,76192.0,600519
318,2017-04-26,406.833,405.968,416.381,401.16,56624.0,600519
319,2017-04-27,403.608,409.348,409.863,398.654,28240.0,600519
320,2017-04-28,409.883,401.617,410.864,398.139,49505.0,600519
321,2017-05-02,399.791,400.257,403.093,397.44,23291.0,600519
322,2017-05-03,399.208,405.628,405.677,399.208,20267.0,600519
323,2017-05-04,402.734,404.064,406.473,402.734,26709.0,600519
324,2017-05-05,404.259,404.249,410.65,403.19,37437.0,600519
325,2017-05-08,404.239,393.846,405.036,393.108,40721.0,600519
326,2017-05-09,392.836,397.032,398.12,386.581,52801.0,600519
327,2017-05-10,396.682,398.324,402.549,395.342,26039.0,600519
328,2017-05-11,396.682,400.335,402.802,394.847,30467.0,600519
329,2017-05-12,401.724,401.607,403.385,398.246,22337.0,600519
330,2017-05-15,401.267,407.513,408.29,401.267,33447.0,600519
331,2017-05-16,407.561,417.779,418.848,406.26,50164.0,600519
332,2017-05-17,416.691,414.36,417.847,412.69,27515.0,600519
333,2017-05-18,412.855,417.216,418.343,412.816,24300.0,600519
334,2017-05-19,417.245,428.172,429.124,417.245,38310.0,600519
335,2017-05-22,426.443,429.105,433.213,423.685,35321.0,600519
336,2017-05-23,429.561,441.168,441.431,429.561,48454.0,600519
337,2017-05-24,439.906,437.4,443.383,433.204,40226.0,600519
338,2017-05-25,435.836,437.672,439.964,434.661,28898.0,600519
339,2017-05-26,437.885,438.954,442.528,435.146,27386.0,600519
340,2017-05-31,437.089,430.231,437.575,427.483,44312.0,600519
341,2017-06-01,429.804,436.39,437.04,428.357,40604.0,600519
342,2017-06-02,437.089,434.476,438.012,432.815,21785.0,600519
343,2017-06-05,435.185,431.659,436.118,429.658,19241.0,600519
344,2017-06-06,432.203,435.943,436.118,431.455,20402.0,600519
345,2017-06-07,436.234,446.19,446.802,436.234,38834.0,600519
346,2017-06-08,448.084,450.988,451.076,445.345,28951.0,600519
347,2017-06-09,450.92,452.377,457.292,449.716,31430.0,600519
348,2017-06-12,453.601,459.312,461.799,451.659,35109.0,600519
349,2017-06-13,459.478,459.468,460.886,453.601,24237.0,600519
350,2017-06-14,459.225,460.779,463.8,456.981,33768.0,600519
351,2017-06-15,461.372,450.979,461.838,450.687,50202.0,600519
352,2017-06-16,448.259,449.357,454.077,448.026,33331.0,600519
353,2017-06-19,448.706,456.68,456.894,448.706,38536.0,600519
354,2017-06-20,459.429,452.921,461.255,452.3,34505.0,600519
355,2017-06-21,456.078,459.147,459.429,452.659,42038.0,600519
356,2017-06-22,459.448,459.186,464.218,457.681,38242.0,600519
357,2017-06-23,459.293,459.167,461.255,454.893,31303.0,600519
358,2017-06-26,459.439,470.774,471.085,458.458,52932.0,600519
359,2017-06-27,468.967,470.211,471.085,467.054,27980.0,600519
360,2017-06-28,470.201,461.663,470.201,459.429,37728.0,600519
361,2017-06-29,462.634,459.439,463.654,456.515,35092.0,600519
362,2017-06-30,457.982,458.312,460.556,454.378,22427.0,600519
363,2017-07-03,460.595,447.161,460.595,444.762,49628.0,600519
364,2017-07-04,445.792,438.954,446.802,436.118,56488.0,600519
365,2017-07-05,440.013,446.928,447.123,440.013,37540.0,600519
366,2017-07-06,444.966,442.897,446.996,437.672,42044.0,600519
367,2017-07-07,444.735,439.726,444.785,435.023,37796.0,600519
368,2017-07-10,440.624,448.107,448.531,436.768,36624.0,600519
369,2017-07-11,448.137,456.646,458.076,447.644,44601.0,600519
370,2017-07-12,459.279,451.065,459.466,448.63,28950.0,600519
371,2017-07-13,448.975,449.774,455.443,447.329,25951.0,600519
372,2017-07-14,449.863,450.02,452.337,446.707,17726.0,600519
373,2017-07-17,450.641,443.769,451.627,440.032,35263.0,600519
374,2017-07-18,445.662,446.214,447.634,441.728,30684.0,600519
375,2017-07-19,447.644,450.464,457.129,446.461,56259.0,600519
376,2017-07-20,449.478,459.939,460.354,449.478,46634.0,600519
377,2017-07-21,460.423,466.575,468.36,457.169,46792.0,600519
378,2017-07-24,468.232,471.111,478.555,468.232,42716.0,600519
379,2017-07-25,475.449,471.269,476.041,469.435,21929.0,600519
380,2017-07-26,471.357,465.027,474.887,460.028,31470.0,600519
381,2017-07-27,465.027,467.236,469.188,464.505,19595.0,600519
382,2017-07-28,464.406,477.145,477.293,461.162,46618.0,600519
383,2017-07-31,477.224,474.483,481.129,474.266,38412.0,600519
384,2017-08-01,474.266,473.517,476.238,470.716,27501.0,600519
385,2017-08-02,473.319,476.08,478.092,471.811,26774.0,600519
386,2017-08-03,476.909,470.539,480.034,468.971,31768.0,600519
387,2017-08-04,470.322,467.009,472.274,465.984,18681.0,600519
388,2017-08-07,465.885,474.818,475.646,464.534,23099.0,600519
389,2017-08-08,475.252,475.824,477.441,472.787,16051.0,600519
390,2017-08-09,478.052,483.978,486.078,475.282,41794.0,600519
391,2017-08-10,484.215,484.747,492.606,482.154,35364.0,600519
392,2017-08-11,482.154,477.283,489.598,476.711,36572.0,600519
393,2017-08-14,478.417,492.832,493.099,478.417,39331.0,600519
394,2017-08-15,493.109,489.026,494.085,488.08,27163.0,600519
395,2017-08-16,491.028,489.539,491.817,486.098,18587.0,600519
396,2017-08-17,490.634,485.792,490.634,482.943,25846.0,600519
397,2017-08-18,485.901,482.795,487.518,481.168,23857.0,600519
398,2017-08-21,481.168,482.874,487.478,480.123,23546.0,600519
399,2017-08-22,480.576,480.399,482.627,469.336,42457.0,600519
400,2017-08-23,478.654,487.094,487.705,477.54,27214.0,600519
401,2017-08-24,487.074,485.911,489.45,485.132,18156.0,600519
402,2017-08-25,486.542,486.088,487.331,482.47,17297.0,600519
403,2017-08-28,486.098,485.151,490.328,484.156,29021.0,600519
404,2017-08-29,486.118,482.588,487.952,481.178,25176.0,600519
405,2017-08-30,482.844,486.068,486.838,482.312,18503.0,600519
406,2017-08-31,487.123,484.274,487.952,482.943,18736.0,600519
407,2017-09-01,483.337,488.248,489.332,483.17,31451.0,600519
408,2017-09-04,488.248,485.526,489.707,484.392,18931.0,600519
409,2017-09-05,485.98,483.13,487.074,482.647,22622.0,600519
410,2017-09-06,483.14,478.19,485.871,478.052,33006.0,600519
411,2017-09-07,478.516,474.532,480.083,473.339,33320.0,600519
412,2017-09-08,471.555,467.729,473.773,467.364,41173.0,600519
413,2017-09-11,464.495,471.624,475.469,463.4,45374.0,600519
414,2017-09-12,472.787,478.121,479.196,471.702,34341.0,600519
415,2017-09-13,478.21,484.747,485.309,474.641,33075.0,600519
416,2017-09-14,486.088,483.84,487.114,482.144,19399.0,600519
417,2017-09-15,485.605,482.982,485.605,481.168,16039.0,600519
418,2017-09-18,483.278,491.984,493.493,483.278,42206.0,600519
419,2017-09-19,493.296,489.993,495.465,489.066,23054.0,600519
420,2017-09-20,489.943,489.253,493.02,489.056,17318.0,600519
421,2017-09-21,488.997,491.787,493.572,485.98,19402.0,600519
422,2017-09-22,489.943,492.931,493.178,488.859,16343.0,600519
423,2017-09-25,493.306,500.139,501.085,493.296,32697.0,600519
424,2017-09-26,499.596,502.16,502.86,496.55,25470.0,600519
425,2017-09-27,501.795,501.095,503.876,498.985,16671.0,600519
426,2017-09-28,500.099,511.202,512.917,500.05,25969.0,600519
427,2017-09-29,508.776,510.393,518.518,508.283,22436.0,600519
428,2017-10-09,517.196,520.381,528.052,512.819,34891.0,600519
429,2017-10-10,519.671,532.499,532.923,519.632,31006.0,600519
430,2017-10-11,530.567,537.902,543.533,530.567,33406.0,600519
431,2017-10-12,537.37,536.473,539.835,532.618,19646.0,600519
432,2017-10-13,537.37,548.364,548.808,534.422,27858.0,600519
433,2017-10-16,552.15,552.84,558.727,548.088,29909.0,600519
434,2017-10-17,553.116,548.936,553.116,546.244,20977.0,600519
435,2017-10-18,546.441,552.87,554.714,546.441,19178.0,600519
436,2017-10-19,553.146,574.444,576.958,552.87,40658.0,600519
437,2017-10-20,572.866,566.289,572.866,563.755,31534.0,600519
438,2017-10-23,566.871,565.382,572.373,560.048,23771.0,600519
439,2017-10-24,563.992,559.387,565.767,555.72,31274.0,600519
440,2017-10-25,561.774,557.751,563.677,554.191,25076.0,600519
441,2017-10-26,596.53,596.619,604.418,583.623,115434.0,600519
442,2017-10-27,593.681,640.535,645.83,591.63,84383.0,600519
443,2017-10-30,634.047,613.371,634.984,612.306,81007.0,600519
444,2017-10-31,613.302,609.378,618.814,603.314,51875.0,600519
445,2017-11-01,612.188,614.288,622.698,610.551,43435.0,600519
446,2017-11-02,618.173,618.143,620.963,612.306,34249.0,600519
447,2017-11-03,619.849,630.222,634.432,619.849,48188.0,600519
448,2017-11-06,632.519,643.917,648.413,631.237,48513.0,600519
449,2017-11-07,641.472,633.081,647.95,629.246,55564.0,600519
450,2017-11-08,633.337,641.275,645.337,633.337,43951.0,600519
451,2017-11-09,638.928,640.969,644.992,635.586,33641.0,600519
452,2017-11-10,641.324,668.459,673.832,641.324,74078.0,600519
453,2017-11-13,670.48,678.25,683.081,666.339,49869.0,600519
454,2017-11-14,677.52,669.248,677.599,667.867,46366.0,600519
455,2017-11-15,669.248,678.447,680.33,664.564,45036.0,600519
456,2017-11-16,676.406,709.043,709.881,676.406,60716.0,600519
457,2017-11-17,686.256,680.587,699.074,668.281,123861.0,600519
458,2017-11-20,667.325,669.642,676.002,650.76,88305.0,600519
459,2017-11-21,659.634,667.769,679.157,652.752,96016.0,600519
460,2017-11-22,667.522,641.413,678.368,640.9,128498.0,600519
461,2017-11-23,633.012,624.858,636.956,621.397,109599.0,600519
462,2017-11-24,626.997,621.219,633.505,613.519,76541.0,600519
463,2017-11-27,625.124,612.592,627.421,604.428,63548.0,600519
464,2017-11-28,616.309,639.155,639.796,615.264,70291.0,600519
465,2017-11-29,640.841,629.186,642.842,625.134,46763.0,600519
466,2017-11-30,626.613,622.166,639.401,617.236,38019.0,600519
467,2017-12-01,629.078,613.637,630.044,611.448,47192.0,600519
468,2017-12-04,615.215,628.861,635.083,608.086,54267.0,600519
469,2017-12-05,625.124,624.099,638.336,621.308,47465.0,600519
470,2017-12-06,622.659,616.26,635.083,611.32,58174.0,600519
471,2017-12-07,616.201,608.056,616.24,606.646,51032.0,600519
472,2017-12-08,606.804,618.498,620.046,606.804,45503.0,600519
473,2017-12-11,622.166,641.876,642.823,622.166,72849.0,600519
474,2017-12-12,649.478,642.202,649.547,641.906,47889.0,600519
475,2017-12-13,645.82,658.855,660.62,641.61,48502.0,600519
476,2017-12-14,660.6,655.246,661.902,651.253,31967.0,600519
477,2017-12-15,654.704,644.637,658.599,641.669,32255.0,600519
478,2017-12-18,650.76,656.449,660.423,649.36,39162.0,600519
479,2017-12-19,653.718,657.751,663.026,651.746,44072.0,600519
480,2017-12-20,660.521,675.321,677.244,654.734,63601.0,600519
481,2017-12-21,673.438,672.196,677.796,666.043,46680.0,600519
482,2017-12-22,670.48,673.359,676.297,667.532,28317.0,600519
483,2017-12-25,676.396,678.486,686.552,674.148,36214.0,600519
484,2017-12-26,678.546,671.279,683.288,667.029,31867.0,600519
485,2017-12-27,675.272,654.882,675.272,653.225,37722.0,600519
486,2017-12-28,677.382,708.628,709.821,661.922,124141.0,600519
487,2017-12-29,707.948,687.725,716.329,681.918,76038.0,600519
488,2018-01-02,690.2,693.996,700.218,680.232,49612.0,600519
489,2018-01-03,691.679,705.838,711.3,689.944,52019.0,600519
490,2018-01-04,711.3,726.751,733.091,709.259,72205.0,600519
491,2018-01-05,730.626,728.023,735.586,718.025,39989.0,600519
492,2018-01-08,724.73,741.6,745.909,724.73,52204.0,600519
493,2018-01-09,741.679,771.565,772.038,741.679,64591.0,600519
494,2018-01-10,774.01,774.71,777.836,762.651,47714.0,600519
495,2018-01-11,775.982,763.963,776.968,761.192,50656.0,600519
496,2018-01-12,762.937,777.382,777.757,756.282,45988.0,600519
497,2018-01-15,782.352,774.375,787.873,768.114,52473.0,600519
498,2018-01-16,769.553,762.119,777.57,757.248,65428.0,600519
499,2018-01-17,759.22,737.459,763.164,728.171,90709.0,600519
500,2018-01-18,737.459,740.23,754.29,733.673,58978.0,600519
501,2018-01-19,742.359,739.678,748.275,728.674,50925.0,600519
502,2018-01-22,741.285,762.809,763.164,741.285,67126.0,600519
503,2018-01-23,766.921,762.947,769.08,757.84,49549.0,600519
504,2018-01-24,765.57,753.758,765.59,747.98,43298.0,600519
505,2018-01-25,750.346,758.392,765.136,740.486,50040.0,600519
506,2018-01-26,756.499,766.339,766.516,753.304,43978.0,600519
507,2018-01-29,767.857,726.012,768.755,724.71,74535.0,600519
508,2018-01-30,725.696,731.691,738.287,719.8,51911.0,600519
509,2018-01-31,728.654,753.836,760.906,728.654,60402.0,600519
510,2018-02-01,756.262,747.122,756.558,742.379,50582.0,600519
511,2018-02-02,741.689,730.034,742.685,714.85,75420.0,600519
512,2018-02-05,717.039,708.175,719.741,695.722,98995.0,600519
513,2018-02-06,693.158,698.936,712.484,693.158,88168.0,600519
514,2018-02-07,709.92,673.862,713.746,672.462,88289.0,600519
515,2018-02-08,672.649,691.176,707.948,672.649,83409.0,600519
516,2018-02-09,670.48,673.862,680.232,648.788,105578.0,600519
517,2018-02-12,681.326,687.715,695.623,675.607,64179.0,600519
518,2018-02-13,695.15,702.012,704.813,694.637,53389.0,600519
519,2018-02-14,709.92,708.392,709.92,702.249,30652.0,600519
520,2018-02-22,717.118,732.056,733.584,713.115,50764.0,600519
521,2018-02-23,736.542,732.085,745.968,726.682,38158.0,600519
522,2018-02-26,736.424,733.101,741.521,722.758,43658.0,600519
523,2018-02-27,738.514,727.648,745.416,726.899,42601.0,600519
524,2018-02-28,721.752,715.461,731.908,708.934,48330.0,600519
525,2018-03-01,717.808,731.582,736.394,713.637,44794.0,600519
526,2018-03-02,727.668,726.1,733.15,719.78,25991.0,600519
527,2018-03-05,727.846,710.029,731.612,706.992,37234.0,600519
528,2018-03-06,714.85,708.204,717.414,687.37,64570.0,600519
529,2018-03-07,704.99,700.099,713.864,699.064,34595.0,600519
530,2018-03-08,704.004,712.641,713.864,698.088,35349.0,600519
531,2018-03-09,717.364,718.005,722.314,713.371,30171.0,600519
532,2018-03-12,719.336,713.815,723.645,712.651,39888.0,600519
533,2018-03-13,712.878,700.405,716.428,700.06,38577.0,600519
534,2018-03-14,699.735,716.704,717.887,697.319,37355.0,600519
535,2018-03-15,717.828,736.019,736.542,717.828,56148.0,600519
536,2018-03-16,737.134,729.492,743.424,728.536,35855.0,600519
537,2018-03-19,733.554,742.931,743.434,728.654,38666.0,600519
538,2018-03-20,739.5,737.262,741.472,729.64,28877.0,600519
539,2018-03-21,739.609,731.612,742.567,729.64,26742.0,600519
540,2018-03-22,733.584,715.915,737.528,713.874,37486.0,600519
541,2018-03-23,691.186,701.105,713.361,690.279,52546.0,600519
542,2018-03-26,698.088,703.501,705.049,692.054,46256.0,600519
543,2018-03-27,712.878,704.734,715.718,694.144,47548.0,600519
544,2018-03-28,690.17,672.501,693.158,659.634,113539.0,600519
545,2018-03-29,672.649,679.453,688.08,649.192,79081.0,600519
546,2018-03-30,676.396,674.049,683.791,670.362,36540.0,600519
547,2018-04-02,670.48,670.539,681.326,664.673,32039.0,600519
548,2018-04-03,668.508,668.419,677.382,665.935,40235.0,600519
549,2018-04-04,672.452,684.294,690.624,670.855,56891.0,600519
550,2018-04-09,687.341,688.524,695.554,680.488,30833.0,600519
551,2018-04-10,694.933,698.108,698.581,688.682,32043.0,600519
552,2018-04-11,700.06,695.485,704.773,693.178,25723.0,600519
553,2018-04-12,694.144,684.481,696.984,682.529,30713.0,600519
554,2018-04-13,688.721,677.244,691.186,675.489,27549.0,600519
555,2018-04-16,671.052,671.841,677.234,667.522,32939.0,600519
556,2018-04-17,675.41,656.873,675.785,656.282,35172.0,600519
557,2018-04-18,661.606,646.461,661.606,635.97,62616.0,600519
558,2018-04-19,650.612,670.441,670.48,647.467,44207.0,600519
559,2018-04-20,671.466,660.876,684.284,658.875,41511.0,600519
560,2018-04-23,656.686,664.574,670.805,656.686,32659.0,600519
561,2018-04-24,666.536,680.222,683.791,665.55,47282.0,600519
562,2018-04-25,679.354,681.296,682.312,673.458,25252.0,600519
563,2018-04-26,682.312,668.735,682.588,663.578,35047.0,600519
564,2018-04-27,675.657,653.255,678.723,645.83,57915.0,600519
565,2018-05-02,650.76,658.48,659.624,636.029,70259.0,600519
566,2018-05-03,656.676,661.488,664.249,648.788,36326.0,600519
567,2018-05-04,661.586,653.59,665.382,651.322,37375.0,600519
568,2018-05-07,650.711,688.396,692.054,648.561,85591.0,600519
569,2018-05-08,688.258,698.906,702.16,688.258,62497.0,600519
570,2018-05-09,699.153,692.123,702.328,687.36,32331.0,600519
571,2018-05-10,693.651,704.191,705.976,693.651,39293.0,600519
572,2018-05-11,708.628,707.968,720.273,705.68,39141.0,600519
573,2018-05-14,713.864,732.016,732.598,713.864,51014.0,600519
574,2018-05-15,735.556,732.657,735.99,723.724,38055.0,600519
575,2018-05-16,729.64,724.237,735.221,723.014,30795.0,600519
576,2018-05-17,724.828,717.197,727.175,713.864,28517.0,600519
577,2018-05-18,713.854,728.97,730.626,711.093,29255.0,600519
578,2018-05-21,733.584,724.533,736.838,722.225,29059.0,600519
579,2018-05-22,724.927,729.216,729.482,719.8,16998.0,600519
580,2018-05-23,729.64,713.647,729.64,713.45,28268.0,600519
581,2018-05-24,709.92,705.384,718.459,703.018,30416.0,600519
582,2018-05-25,702.032,706.824,716.822,702.032,26511.0,600519
583,2018-05-28,707.948,730.034,730.291,705.108,42805.0,600519
584,2018-05-29,728.457,721.19,739.5,721.042,40820.0,600519
585,2018-05-30,717.039,715.708,726.978,709.969,37147.0,600519
586,2018-05-31,720.027,740.614,741.097,720.017,71852.0,600519
587,2018-06-01,740.614,734.679,744.41,728.417,36177.0,600519
588,2018-06-04,741.817,771.022,771.939,735.438,73805.0,600519
589,2018-06-05,775.489,777.017,783.574,766.349,52629.0,600519
590,2018-06-06,776.968,774.75,789.737,771.348,48969.0,600519
591,2018-06-07,778.92,770.036,784.412,767.995,39167.0,600519
592,2018-06-08,769.08,767.059,774.897,759.22,34958.0,600519
593,2018-06-11,765.185,764.87,774.996,757.573,36547.0,600519
594,2018-06-12,767.108,788.001,792.251,765.629,55287.0,600519
595,2018-06-13,788.8,779.265,791.383,777.836,35244.0,600519
596,2018-06-14,778.94,775.124,782.687,764.328,36159.0,600519
597,2018-06-15,773.2,773.33,778.58,769.1,31707.0,600519
598,2018-06-19,769.0,738.0,769.0,737.0,60195.0,600519
599,2018-06-20,741.0,763.59,765.0,741.0,45838.0,600519
600,2018-06-21,765.22,759.32,778.89,758.77,39182.0,600519
601,2018-06-22,754.0,766.53,767.0,750.0,28854.0,600519
602,2018-06-25,766.0,765.56,778.97,764.9,32934.0,600519
603,2018-06-26,765.31,754.8,769.88,747.0,46577.0,600519
604,2018-06-27,752.0,722.44,757.0,721.0,57298.0,600519
605,2018-06-28,714.0,710.93,719.0,697.0,50833.0,600519
606,2018-06-29,712.3,731.46,732.3,705.0,32929.0,600519
607,2018-07-02,734.52,711.55,739.33,703.0,37558.0,600519
608,2018-07-03,709.76,694.92,715.78,678.23,82837.0,600519
609,2018-07-04,692.0,690.91,700.0,688.0,37990.0,600519
610,2018-07-05,700.0,702.39,716.2,700.0,47123.0,600519
611,2018-07-06,707.0,714.12,720.93,699.26,44156.0,600519
612,2018-07-09,720.03,727.24,729.86,719.73,40572.0,600519
613,2018-07-10,729.0,725.76,731.5,713.33,29010.0,600519
614,2018-07-11,710.0,719.58,724.0,702.22,24278.0,600519
615,2018-07-12,718.0,737.54,741.17,718.0,40170.0,600519
616,2018-07-13,742.3,746.99,748.1,735.12,28907.0,600519
617,2018-07-16,752.3,754.68,764.11,751.03,32474.0,600519
618,2018-07-17,757.0,742.43,757.0,736.02,27806.0,600519
619,2018-07-18,742.43,737.44,749.69,735.0,24521.0,600519
620,2018-07-19,739.0,740.95,743.95,735.02,18078.0,600519
621,2018-07-20,741.5,741.13,743.13,728.0,30548.0,600519
622,2018-07-23,736.0,732.07,741.15,720.01,35969.0,600519
623,2018-07-24,732.68,745.4,747.3,723.0,41808.0,600519
624,2018-07-25,746.95,743.81,749.88,740.01,21743.0,600519
625,2018-07-26,748.9,735.62,748.9,734.23,23067.0,600519
626,2018-07-27,736.0,738.56,744.3,730.0,20913.0,600519
627,2018-07-30,738.9,719.21,740.66,715.0,42171.0,600519
628,2018-07-31,720.3,726.44,727.88,719.21,20683.0,600519
629,2018-08-01,731.4,714.94,732.3,714.11,25237.0,600519
630,2018-08-02,715.97,695.84,715.97,687.88,55001.0,600519
631,2018-08-03,695.0,678.99,695.0,676.2,47336.0,600519
632,2018-08-06,677.0,669.68,684.0,662.25,45248.0,600519
633,2018-08-07,672.3,686.28,687.83,662.02,39085.0,600519
634,2018-08-08,687.02,676.22,689.0,671.87,29685.0,600519
635,2018-08-09,671.0,691.88,694.5,670.12,34485.0,600519
636,2018-08-10,691.88,687.18,694.77,684.2,23817.0,600519
637,2018-08-13,683.0,679.22,683.0,666.68,34570.0,600519
638,2018-08-14,679.22,680.13,684.5,673.51,21696.0,600519
639,2018-08-15,679.8,662.8,680.0,661.0,34997.0,600519
640,2018-08-16,652.0,648.44,668.5,640.0,59939.0,600519
641,2018-08-17,657.5,634.86,657.5,630.01,46574.0,600519
642,2018-08-20,632.45,644.79,645.55,616.86,48852.0,600519
643,2018-08-21,647.0,671.49,672.3,647.0,52249.0,600519
644,2018-08-22,671.0,667.7,673.2,663.0,20675.0,600519
645,2018-08-23,671.7,670.21,678.5,665.18,27357.0,600519
646,2018-08-24,669.0,660.3,669.0,656.46,26090.0,600519
647,2018-08-27,662.0,687.3,687.3,662.0,48016.0,600519
648,2018-08-28,693.0,681.0,693.78,678.55,32488.0,600519
649,2018-08-29,682.0,685.85,688.88,679.1,27404.0,600519
650,2018-08-30,688.21,680.4,692.6,679.01,33788.0,600519
651,2018-08-31,676.25,659.19,677.0,656.5,58980.0,600519
652,2018-09-03,652.0,666.21,667.67,650.8,30179.0,600519
653,2018-09-04,666.8,675.04,676.0,661.6,21540.0,600519
654,2018-09-05,675.0,657.79,676.99,657.0,28983.0,600519
655,2018-09-06,652.0,644.0,659.26,640.0,42370.0,600519
656,2018-09-07,645.5,650.97,658.03,645.14,29240.0,600519
657,2018-09-10,652.2,644.8,653.81,640.7,21202.0,600519
658,2018-09-11,645.57,646.0,650.97,640.63,19496.0,600519
659,2018-09-12,643.0,630.0,644.87,628.01,41157.0,600519
660,2018-09-13,638.0,631.98,642.0,620.0,47713.0,600519
661,2018-09-14,633.98,642.9,649.78,628.53,40900.0,600519
662,2018-09-17,645.0,645.81,652.96,641.06,29112.0,600519
663,2018-09-18,643.0,666.7,668.0,642.22,37858.0,600519
664,2018-09-19,666.58,681.42,686.0,666.0,48221.0,600519
665,2018-09-20,685.2,678.55,686.9,677.36,27519.0,600519
666,2018-09-21,682.0,700.01,700.01,680.01,42617.0,600519
667,2018-09-25,695.0,697.02,705.77,693.26,30639.0,600519
668,2018-09-26,702.1,724.93,732.68,701.99,72287.0,600519
669,2018-09-27,727.5,724.0,728.0,715.4,40508.0,600519
670,2018-09-28,726.7,730.0,733.2,718.88,35089.0,600519
671,2018-10-08,715.41,686.15,719.0,686.15,82745.0,600519
672,2018-10-09,686.9,695.0,698.71,685.9,40222.0,600519
673,2018-10-10,697.26,670.92,698.0,669.69,63098.0,600519
674,2018-10-11,635.01,644.99,668.94,635.01,91581.0,600519
675,2018-10-12,651.0,668.0,672.68,650.58,54472.0,600519
676,2018-10-15,669.49,666.9,671.95,660.03,35607.0,600519
677,2018-10-16,665.98,667.14,679.53,662.01,26393.0,600519
678,2018-10-17,675.0,665.72,677.3,649.9,43077.0,600519
679,2018-10-18,660.0,645.94,660.0,644.97,52156.0,600519
680,2018-10-19,638.0,670.0,675.0,635.08,76199.0,600519
681,2018-10-22,675.0,693.0,702.02,675.0,73108.0,600519
682,2018-10-23,689.0,641.74,689.0,635.0,123112.0,600519
683,2018-10-24,628.11,636.99,650.0,620.0,76112.0,600519
684,2018-10-25,620.0,619.0,622.5,608.58,75568.0,600519
685,2018-10-26,619.0,610.1,625.0,607.98,55327.0,600519
686,2018-10-29,549.09,549.09,549.09,549.09,49076.0,600519
687,2018-10-30,510.0,524.0,543.0,509.02,204396.0,600519
688,2018-10-31,527.0,548.9,555.0,522.0,96884.0,600519
689,2018-11-01,555.0,563.0,585.5,551.25,98106.0,600519
690,2018-11-02,585.0,599.9,600.0,572.24,89156.0,600519
691,2018-11-05,593.0,575.8,593.0,571.77,75517.0,600519
692,2018-11-06,574.0,566.0,574.16,558.01,45566.0,600519
693,2018-11-07,569.0,566.4,574.95,562.01,38107.0,600519
694,2018-11-08,574.0,570.34,577.0,568.0,33763.0,600519
695,2018-11-09,567.22,562.0,569.0,562.0,24336.0,600519
696,2018-11-12,553.0,552.0,554.2,536.8,67824.0,600519
697,2018-11-13,546.12,570.0,570.0,543.0,66429.0,600519
698,2018-11-14,569.96,555.1,569.96,552.55,41766.0,600519
699,2018-11-15,558.8,559.7,564.8,555.5,30833.0,600519
700,2018-11-16,561.0,560.0,566.0,558.03,28938.0,600519
701,2018-11-19,560.3,569.02,572.0,559.11,36179.0,600519
702,2018-11-20,565.0,561.6,568.0,560.0,26943.0,600519
703,2018-11-21,554.0,564.7,568.9,553.68,27107.0,600519
704,2018-11-22,565.15,564.5,567.33,558.0,21213.0,600519
705,2018-11-23,564.0,556.9,567.3,556.9,20126.0,600519
706,2018-11-26,558.0,552.11,560.2,552.0,19120.0,600519
707,2018-11-27,552.0,548.1,554.99,546.5,20233.0,600519
708,2018-11-28,550.85,557.0,559.19,545.5,27737.0,600519
709,2018-11-29,566.03,551.6,569.8,549.01,45069.0,600519
710,2018-11-30,557.0,565.0,568.89,553.0,49010.0,600519
711,2018-12-03,589.0,601.2,605.0,584.77,83414.0,600519
712,2018-12-04,602.99,602.23,604.26,595.0,31473.0,600519
713,2018-12-05,597.5,610.1,616.5,595.0,41588.0,600519
714,2018-12-06,600.0,591.8,605.98,590.36,37758.0,600519
715,2018-12-07,595.6,587.0,598.86,584.7,26841.0,600519
716,2018-12-10,576.0,577.23,587.5,574.18,24640.0,600519
717,2018-12-11,577.0,582.99,586.55,577.0,16316.0,600519
718,2018-12-12,588.79,589.0,589.2,582.8,19921.0,600519
719,2018-12-13,590.0,601.75,606.88,589.6,40399.0,600519
720,2018-12-14,598.01,592.96,599.8,592.0,24554.0,600519
721,2018-12-17,592.57,590.52,595.97,585.01,24895.0,600519
722,2018-12-18,585.88,590.94,591.54,585.0,19222.0,600519
723,2018-12-19,589.0,577.8,590.99,576.03,25715.0,600519
724,2018-12-20,576.22,574.5,581.5,568.89,26940.0,600519
725,2018-12-21,571.0,567.41,573.45,562.21,30640.0,600519
726,2018-12-24,563.5,568.0,570.91,558.0,19109.0,600519
727,2018-12-25,562.22,565.79,567.5,553.61,26592.0,600519
728,2018-12-26,563.81,560.08,568.4,558.0,17866.0,600519
729,2018-12-27,570.0,563.0,571.85,562.22,29493.0,600519
730,2018-12-28,563.3,590.01,596.4,560.0,63678.0,600519
731,2019-01-02,609.98,598.98,612.0,595.01,62286.0,600519
732,2019-01-03,599.97,590.0,601.66,585.8,30977.0,600519
733,2019-01-04,587.28,602.0,607.67,582.02,37683.0,600519
734,2019-01-07,608.0,605.49,612.0,602.22,34750.0,600519
735,2019-01-08,605.5,604.79,612.0,600.28,28838.0,600519
736,2019-01-09,609.99,616.12,626.16,609.04,49892.0,600519
737,2019-01-10,617.13,618.77,624.88,610.25,29043.0,600519
738,2019-01-11,625.0,635.88,637.0,618.75,38884.0,600519
739,2019-01-14,633.0,624.6,635.89,621.55,25648.0,600519
740,2019-01-15,627.86,659.98,661.5,625.0,55764.0,600519
741,2019-01-16,658.0,661.1,665.65,653.6,42083.0,600519
742,2019-01-17,663.0,659.25,669.7,655.8,30284.0,600519
743,2019-01-18,665.0,683.61,690.2,661.5,68609.0,600519
744,2019-01-21,690.0,686.98,698.88,681.88,47051.0,600519
745,2019-01-22,686.0,671.0,686.0,665.22,42122.0,600519
746,2019-01-23,667.22,665.66,674.5,663.13,33624.0,600519
747,2019-01-24,670.3,672.5,677.83,664.68,29155.0,600519
748,2019-01-25,675.88,679.7,684.9,669.93,28986.0,600519
749,2019-01-28,684.0,677.0,693.98,676.03,36102.0,600519
750,2019-01-29,677.5,685.0,688.0,668.0,30342.0,600519
751,2019-01-30,684.99,676.0,686.22,676.0,22699.0,600519
752,2019-01-31,680.0,689.6,689.6,677.56,36696.0,600519
753,2019-02-01,697.04,692.67,699.0,689.61,30520.0,600519
754,2019-02-11,695.0,725.3,729.5,688.18,58140.0,600519
755,2019-02-12,723.0,717.92,725.49,715.2,35091.0,600519
756,2019-02-13,723.0,735.25,736.16,717.22,35677.0,600519
757,2019-02-14,731.2,737.16,743.66,730.14,32258.0,600519
758,2019-02-15,734.88,724.78,734.88,723.02,23237.0,600519
759,2019-02-18,731.0,740.0,744.95,731.0,37745.0,600519
760,2019-02-19,740.96,730.76,742.5,726.66,29501.0,600519
761,2019-02-20,735.0,722.0,735.0,716.06,37882.0,600519
762,2019-02-21,720.0,720.25,730.48,717.0,29850.0,600519
763,2019-02-22,717.0,726.01,728.49,714.1,25908.0,600519
764,2019-02-25,730.75,742.33,744.44,717.99,82622.0,600519
765,2019-02-26,747.8,727.35,749.18,726.0,57964.0,600519
766,2019-02-27,733.0,740.7,758.02,731.0,65942.0,600519
767,2019-02-28,737.9,755.01,763.42,736.95,56986.0,600519
768,2019-03-01,761.5,789.3,790.0,761.0,63840.0,600519
769,2019-03-04,795.0,781.86,798.33,777.22,84585.0,600519
770,2019-03-05,785.0,779.78,789.55,775.88,44830.0,600519
771,2019-03-06,775.0,768.0,779.5,765.88,46731.0,600519
772,2019-03-07,762.22,748.6,762.22,745.56,60180.0,600519
773,2019-03-08,737.9,737.5,746.83,733.65,52275.0,600519
774,2019-03-11,740.04,758.54,766.95,740.04,53057.0,600519
775,2019-03-12,763.82,745.01,763.83,739.0,52510.0,600519
776,2019-03-13,745.5,754.0,760.75,745.5,40561.0,600519
777,2019-03-14,757.0,778.0,785.0,754.0,62172.0,600519
778,2019-03-15,776.0,777.3,787.5,764.85,52400.0,600519
779,2019-03-18,778.8,810.09,814.53,777.0,81318.0,600519
780,2019-03-19,803.0,792.61,807.92,792.3,40634.0,600519
781,2019-03-20,790.0,792.8,802.3,785.0,31117.0,600519
782,2019-03-21,788.0,785.75,792.8,781.5,32573.0,600519
783,2019-03-22,788.22,794.0,799.98,785.0,30517.0,600519
784,2019-03-25,786.0,775.6,788.0,773.3,37270.0,600519
785,2019-03-26,780.0,773.0,785.94,764.1,37595.0,600519
786,2019-03-27,781.0,788.5,793.88,775.0,42807.0,600519
787,2019-03-28,793.43,806.8,814.48,785.68,57566.0,600519
788,2019-03-29,835.0,853.99,866.68,830.17,90933.0,600519
789,2019-04-01,860.0,859.0,868.95,851.0,60934.0,600519
790,2019-04-02,859.99,850.0,859.99,836.06,53227.0,600519
791,2019-04-03,840.12,844.5,851.74,834.21,43056.0,600519
792,2019-04-04,840.0,865.0,865.8,836.2,55772.0,600519
793,2019-04-08,900.0,900.2,908.0,890.12,66251.0,600519
794,2019-04-09,903.0,905.0,908.2,892.51,47989.0,600519
795,2019-04-10,903.0,947.99,951.9,900.0,67814.0,600519
796,2019-04-11,948.0,925.2,950.0,905.55,61102.0,600519
797,2019-04-12,909.0,914.0,919.99,900.01,48612.0,600519
798,2019-04-15,931.0,907.0,939.0,907.0,45522.0,600519
799,2019-04-16,904.9,939.9,939.9,901.22,46423.0,600519
800,2019-04-17,938.0,952.0,955.51,925.0,40761.0,600519
801,2019-04-18,945.41,945.5,954.68,936.22,19598.0,600519
802,2019-04-19,943.96,952.56,960.95,931.31,32379.0,600519
803,2019-04-22,959.5,949.2,978.89,940.61,40627.0,600519
804,2019-04-23,951.0,974.95,981.22,949.2,48852.0,600519
805,2019-04-24,979.88,970.0,990.0,951.22,45227.0,600519
806,2019-04-25,968.79,952.37,973.99,951.22,39801.0,600519
807,2019-04-26,946.3,945.0,959.88,945.0,43277.0,600519
808,2019-04-29,945.0,971.97,989.0,935.0,52572.0,600519
809,2019-04-30,968.0,974.0,984.96,963.11,35943.0,600519
810,2019-05-06,925.5,906.0,935.0,893.0,135099.0,600519
811,2019-05-07,893.28,890.0,913.94,870.22,100837.0,600519
812,2019-05-08,860.0,884.4,901.8,860.0,81882.0,600519
813,2019-05-09,875.0,858.81,879.87,842.5,91545.0,600519
814,2019-05-10,875.66,907.12,910.78,868.19,79907.0,600519
815,2019-05-13,898.86,892.0,910.98,884.0,46637.0,600519
816,2019-05-14,885.0,886.57,906.0,873.0,59983.0,600519
817,2019-05-15,890.24,927.0,933.0,890.24,63124.0,600519
818,2019-05-16,919.0,929.91,932.0,905.0,44540.0,600519
819,2019-05-17,927.02,906.79,932.3,900.1,49841.0,600519
820,2019-05-20,900.0,884.96,900.0,871.0,44407.0,600519
821,2019-05-21,885.0,895.0,910.0,872.02,42385.0,600519
822,2019-05-22,894.98,888.0,904.0,880.0,32041.0,600519
823,2019-05-23,881.0,861.0,883.98,856.22,58058.0,600519
824,2019-05-24,865.0,878.5,885.0,864.44,44034.0,600519
825,2019-05-27,879.1,879.0,882.99,860.05,39161.0,600519
826,2019-05-28,877.99,888.0,907.49,875.02,74772.0,600519
827,2019-05-29,888.01,911.91,924.95,888.01,65646.0,600519
828,2019-05-30,910.0,905.3,919.99,891.22,40247.0,600519
829,2019-05-31,900.53,890.0,906.99,890.0,35793.0,600519
830,2019-06-03,892.0,892.0,901.35,886.28,34479.0,600519
831,2019-06-04,895.0,875.3,895.43,871.0,39689.0,600519
832,2019-06-05,884.0,871.6,886.26,870.0,34067.0,600519
833,2019-06-06,875.62,862.13,875.77,858.0,34786.0,600519
834,2019-06-10,857.98,871.08,878.95,840.0,55502.0,600519
835,2019-06-11,876.0,910.89,915.61,875.0,80106.0,600519
836,2019-06-12,906.22,906.7,910.99,894.0,37747.0,600519
837,2019-06-13,910.0,910.0,912.3,897.0,32917.0,600519
838,2019-06-14,911.0,913.0,932.3,910.02,42455.0,600519
839,2019-06-17,907.0,911.6,926.94,906.02,32769.0,600519
840,2019-06-18,917.0,917.0,920.0,902.6,29441.0,600519
841,2019-06-19,940.0,932.01,946.7,932.01,53726.0,600519
842,2019-06-20,932.5,975.0,975.5,932.2,67271.0,600519
843,2019-06-21,969.97,976.3,984.49,964.5,45926.0,600519
844,2019-06-24,978.3,987.1,999.69,975.0,45779.0,600519
845,2019-06-25,992.0,982.98,999.0,967.0,51295.0,600519
846,2019-06-26,985.0,979.86,985.0,971.22,29588.0,600519
847,2019-06-27,985.0,996.35,1001.0,981.12,47978.0,600519
848,2019-06-28,985.99,984.0,988.88,971.33,31088.0,600519
849,2019-07-01,1004.52,1031.86,1035.6,1000.22,52337.0,600519
850,2019-07-02,1025.0,1025.0,1029.5,1016.0,39061.0,600519
851,2019-07-03,1020.0,987.9,1023.0,981.5,67139.0,600519
852,2019-07-04,985.8,981.2,990.8,971.22,46216.0,600519
853,2019-07-05,986.0,999.82,1006.0,976.3,50032.0,600519
854,2019-07-08,995.05,984.86,997.9,975.0,33613.0,600519
855,2019-07-09,979.3,976.06,989.0,968.35,31723.0,600519
856,2019-07-10,980.93,982.52,990.58,977.0,28166.0,600519
857,2019-07-11,989.96,981.5,998.38,976.0,30514.0,600519
858,2019-07-12,981.3,986.09,991.5,980.01,28173.0,600519
859,2019-07-15,967.8,975.93,980.1,951.13,59870.0,600519
860,2019-07-16,975.45,968.0,982.3,965.0,33245.0,600519
861,2019-07-17,968.0,963.5,972.99,962.13,25468.0,600519
862,2019-07-18,961.5,947.5,963.0,947.18,39252.0,600519
863,2019-07-19,955.0,955.87,960.8,948.0,28014.0,600519
864,2019-07-22,960.0,957.02,964.0,950.25,28125.0,600519
865,2019-07-23,962.3,953.98,962.59,943.86,32483.0,600519
866,2019-07-24,958.31,946.36,959.9,944.69,46771.0,600519
867,2019-07-25,945.97,963.0,963.36,938.15,38255.0,600519
868,2019-07-26,961.97,965.03,971.0,958.55,26467.0,600519
869,2019-07-29,962.03,976.41,979.5,960.01,26981.0,600519
870,2019-07-30,976.5,978.93,983.0,971.0,19537.0,600519
871,2019-07-31,975.0,972.6,981.77,966.59,22526.0,600519
872,2019-08-01,976.51,959.3,977.0,953.02,35089.0,600519
873,2019-08-02,944.0,954.45,957.98,943.0,39719.0,600519
874,2019-08-05,945.0,942.43,954.0,940.0,36774.0,600519
875,2019-08-06,931.0,946.3,948.0,923.8,43991.0,600519
876,2019-08-07,949.5,945.0,955.53,945.0,26869.0,600519
877,2019-08-08,953.5,971.68,974.0,952.0,38808.0,600519
878,2019-08-09,978.5,962.03,980.95,958.99,28461.0,600519
879,2019-08-12,1010.31,1018.63,1020.1,995.01,81498.0,600519
880,2019-08-13,1016.16,1017.95,1026.0,1010.68,30329.0,600519
881,2019-08-14,1030.02,1043.33,1051.9,1030.02,41410.0,600519
882,2019-08-15,1028.0,1044.9,1046.48,1028.0,27237.0,600519
883,2019-08-16,1049.84,1054.6,1075.58,1041.0,36086.0,600519
884,2019-08-19,1061.0,1055.88,1069.98,1049.05,32867.0,600519
885,2019-08-20,1055.0,1070.0,1073.68,1050.0,28602.0,600519
886,2019-08-21,1070.1,1066.0,1076.97,1061.66,25066.0,600519
887,2019-08-22,1072.99,1104.0,1104.0,1070.0,37590.0,600519
888,2019-08-23,1105.0,1130.1,1133.56,1095.62,40192.0,600519
889,2019-08-26,1113.0,1102.95,1128.0,1096.68,48497.0,600519
890,2019-08-27,1117.0,1109.0,1131.31,1109.0,52164.0,600519
891,2019-08-28,1109.0,1100.11,1123.19,1083.01,47009.0,600519
892,2019-08-29,1105.0,1113.1,1118.18,1092.5,29330.0,600519
893,2019-08-30,1125.0,1142.0,1146.0,1123.0,44890.0,600519
894,2019-09-02,1139.99,1138.76,1144.98,1129.0,28234.0,600519
895,2019-09-03,1140.0,1140.0,1151.02,1128.56,29485.0,600519
896,2019-09-04,1140.8,1125.01,1142.91,1120.11,33600.0,600519
897,2019-09-05,1129.0,1144.0,1144.9,1128.0,32930.0,600519
898,2019-09-06,1144.5,1142.49,1146.15,1131.0,26176.0,600519
899,2019-09-09,1145.0,1136.52,1148.0,1135.0,29379.0,600519
900,2019-09-10,1134.3,1123.85,1135.0,1120.01,26227.0,600519
901,2019-09-11,1119.22,1069.52,1119.97,1068.0,81716.0,600519
902,2019-09-12,1066.0,1099.0,1109.98,1066.0,41211.0,600519
903,2019-09-16,1083.0,1099.0,1103.95,1083.0,31371.0,600519
904,2019-09-17,1094.0,1094.01,1106.66,1087.0,25196.0,600519
905,2019-09-18,1108.5,1148.9,1150.0,1108.18,69314.0,600519
906,2019-09-19,1148.0,1145.0,1150.0,1137.1,24479.0,600519
907,2019-09-20,1151.0,1157.42,1160.0,1147.59,37626.0,600519
908,2019-09-23,1157.0,1149.0,1157.0,1131.0,30026.0,600519
909,2019-09-24,1155.0,1184.0,1184.9,1152.0,36269.0,600519
910,2019-09-25,1180.0,1174.0,1188.87,1170.5,24024.0,600519
911,2019-09-26,1174.94,1167.0,1183.35,1158.81,26081.0,600519
912,2019-09-27,1164.0,1174.75,1183.0,1153.0,22826.0,600519
913,2019-09-30,1163.0,1150.0,1169.43,1150.0,30825.0,600519
914,2019-10-08,1153.0,1167.1,1180.0,1152.01,31045.0,600519
915,2019-10-09,1166.2,1146.81,1166.2,1135.05,35788.0,600519
916,2019-10-10,1127.0,1155.0,1158.93,1109.02,41173.0,600519
917,2019-10-11,1157.0,1174.6,1175.0,1152.21,28689.0,600519
918,2019-10-14,1186.0,1180.0,1187.66,1170.0,27187.0,600519
919,2019-10-15,1180.0,1211.0,1215.68,1177.03,40034.0,600519
920,2019-10-16,1168.0,1170.0,1187.5,1160.0,59150.0,600519
921,2019-10-17,1176.0,1183.33,1186.66,1162.5,30508.0,600519
922,2019-10-18,1179.0,1175.79,1189.99,1171.69,28291.0,600519
923,2019-10-21,1171.86,1168.5,1178.9,1163.3,25274.0,600519
924,2019-10-22,1178.0,1170.8,1181.5,1163.89,19309.0,600519
925,2019-10-23,1168.0,1158.91,1178.0,1156.11,23080.0,600519
926,2019-10-24,1164.95,1150.27,1166.0,1147.16,26178.0,600519
927,2019-10-25,1153.3,1171.35,1172.5,1143.03,25998.0,600519
928,2019-10-28,1166.01,1178.29,1181.01,1165.0,22485.0,600519
929,2019-10-29,1181.11,1193.0,1199.96,1177.77,27803.0,600519
930,2019-10-30,1190.0,1183.8,1192.7,1176.0,21254.0,600519
931,2019-10-31,1196.0,1180.01,1198.0,1176.15,25909.0,600519
932,2019-11-01,1181.0,1185.0,1191.95,1172.5,22811.0,600519
933,2019-11-04,1190.0,1199.59,1209.99,1189.0,26737.0,600519
934,2019-11-05,1199.5,1199.0,1205.0,1192.0,22254.0,600519
935,2019-11-06,1197.0,1193.0,1204.0,1188.88,19737.0,600519
936,2019-11-07,1196.51,1201.37,1201.88,1189.0,16167.0,600519
937,2019-11-08,1205.0,1205.0,1215.65,1201.51,24512.0,600519
938,2019-11-11,1201.5,1199.0,1206.2,1193.51,17342.0,600519
939,2019-11-12,1204.0,1201.6,1209.6,1198.21,19150.0,600519
940,2019-11-13,1207.0,1224.0,1227.8,1200.0,31977.0,600519
941,2019-11-14,1227.0,1230.0,1240.0,1222.0,23521.0,600519
942,2019-11-15,1230.0,1224.9,1232.91,1221.5,16340.0,600519
943,2019-11-18,1225.12,1227.28,1229.45,1218.0,18037.0,600519
944,2019-11-19,1228.0,1232.32,1241.61,1225.02,20623.0,600519
945,2019-11-20,1230.0,1233.75,1239.51,1228.06,15280.0,600519
946,2019-11-21,1231.0,1231.3,1235.51,1221.06,19187.0,600519
947,2019-11-22,1223.0,1194.0,1229.0,1185.0,47054.0,600519
948,2019-11-25,1188.05,1182.06,1194.0,1172.06,38281.0,600519
949,2019-11-26,1186.68,1185.0,1198.6,1183.0,40239.0,600519
950,2019-11-27,1192.8,1189.95,1196.62,1184.51,19848.0,600519
951,2019-11-28,1194.97,1175.8,1197.51,1169.02,28844.0,600519
952,2019-11-29,1165.5,1129.0,1165.5,1112.89,82397.0,600519
953,2019-12-02,1118.2,1133.0,1140.02,1118.2,30784.0,600519
954,2019-12-03,1133.0,1118.0,1133.0,1117.74,27340.0,600519
955,2019-12-04,1140.0,1122.33,1144.66,1118.0,35283.0,600519
956,2019-12-05,1125.0,1129.8,1132.01,1118.0,21338.0,600519
957,2019-12-06,1135.97,1170.0,1170.0,1130.1,39506.0,600519
958,2019-12-09,1175.0,1158.7,1176.0,1156.1,21824.0,600519
959,2019-12-10,1159.6,1164.4,1165.0,1151.0,15086.0,600519
960,2019-12-11,1168.0,1158.98,1170.75,1155.55,14567.0,600519
961,2019-12-12,1156.0,1137.0,1159.94,1130.08,29409.0,600519
962,2019-12-13,1146.0,1163.0,1165.0,1146.0,30000.0,600519
963,2019-12-16,1163.0,1147.92,1163.0,1137.94,30936.0,600519
964,2019-12-17,1149.7,1169.98,1173.6,1143.03,42616.0,600519
965,2019-12-18,1174.0,1168.0,1175.2,1164.0,19640.0,600519
966,2019-12-19,1163.0,1157.4,1163.0,1152.0,19552.0,600519
967,2019-12-20,1162.18,1146.3,1162.18,1141.5,23563.0,600519
968,2019-12-23,1139.0,1149.3,1162.5,1136.0,25919.0,600519
969,2019-12-24,1153.0,1148.0,1155.0,1145.0,11823.0,600519
970,2019-12-25,1143.0,1133.7,1143.0,1130.01,24305.0,600519
971,2019-12-26,1132.0,1135.1,1141.98,1119.99,22877.0,600519
972,2019-12-27,1150.0,1163.0,1172.0,1150.0,47066.0,600519
973,2019-12-30,1170.2,1185.8,1195.5,1170.2,40760.0,600519
974,2019-12-31,1183.0,1183.0,1188.0,1176.51,22588.0,600519
975,2020-01-02,1128.0,1130.0,1145.06,1116.0,148099.0,600519
976,2020-01-03,1117.0,1078.56,1117.0,1076.9,130318.0,600519
977,2020-01-06,1070.86,1077.99,1092.9,1067.3,63414.0,600519
978,2020-01-07,1077.5,1094.53,1099.0,1076.4,47853.0,600519
979,2020-01-08,1085.05,1088.14,1095.5,1082.58,25008.0,600519
980,2020-01-09,1094.0,1102.7,1105.39,1090.0,37405.0,600519
981,2020-01-10,1109.0,1112.5,1115.99,1102.5,35975.0,600519
982,2020-01-13,1112.5,1124.27,1129.2,1112.0,38515.0,600519
983,2020-01-14,1124.2,1107.4,1124.89,1103.0,35144.0,600519
984,2020-01-15,1109.01,1112.13,1121.6,1105.0,26029.0,600519
985,2020-01-16,1118.87,1107.0,1118.87,1102.58,23191.0,600519
986,2020-01-17,1110.0,1107.5,1112.78,1101.01,23472.0,600519
987,2020-01-20,1111.86,1091.0,1111.86,1082.0,35391.0,600519
988,2020-01-21,1081.0,1075.3,1087.0,1072.3,32874.0,600519
989,2020-01-22,1070.0,1075.51,1084.0,1055.38,36200.0,600519
990,2020-01-23,1076.0,1052.8,1076.0,1037.0,53468.0,600519
991,2020-02-03,985.0,1003.92,1010.68,980.0,123442.0,600519
992,2020-02-04,1015.0,1038.01,1057.0,1011.01,62624.0,600519
993,2020-02-05,1050.0,1049.99,1054.0,1033.03,47418.0,600519
994,2020-02-06,1059.43,1071.0,1075.0,1052.02,47171.0,600519
995,2020-02-07,1070.01,1076.0,1077.0,1061.02,31278.0,600519
996,2020-02-10,1062.0,1066.49,1074.6,1057.2,30533.0,600519
997,2020-02-11,1063.0,1098.0,1099.68,1062.8,47917.0,600519
998,2020-02-12,1089.0,1097.27,1098.79,1085.88,28125.0,600519
999,2020-02-13,1098.0,1091.0,1113.89,1088.01,30357.0,600519
1000,2020-02-14,1090.45,1088.0,1093.51,1083.11,23287.0,600519
1001,2020-02-17,1082.5,1093.82,1096.19,1082.4,27028.0,600519
1002,2020-02-18,1090.01,1084.0,1096.88,1083.0,26664.0,600519
1003,2020-02-19,1085.0,1096.5,1101.5,1078.0,37051.0,600519
1004,2020-02-20,1096.7,1118.0,1124.0,1095.41,46802.0,600519
1005,2020-02-21,1111.46,1112.88,1123.54,1110.01,28940.0,600519
1006,2020-02-24,1105.5,1087.18,1110.0,1085.5,38650.0,600519
1007,2020-02-25,1078.0,1074.81,1082.09,1067.88,38385.0,600519
1008,2020-02-26,1062.0,1073.7,1084.0,1055.0,43560.0,600519
1009,2020-02-27,1076.0,1087.39,1094.99,1076.0,34498.0,600519
1010,2020-02-28,1070.3,1057.0,1082.0,1049.97,49946.0,600519
1011,2020-03-02,1050.11,1086.01,1096.55,1050.01,47663.0,600519
1012,2020-03-03,1098.0,1113.0,1118.88,1098.0,50250.0,600519
1013,2020-03-04,1125.0,1128.92,1139.0,1116.24,53792.0,600519
1014,2020-03-05,1136.31,1171.0,1174.99,1130.56,62426.0,600519
1015,2020-03-06,1163.0,1155.5,1176.0,1151.98,30641.0,600519
1016,2020-03-09,1135.0,1114.01,1135.0,1111.31,43404.0,600519
1017,2020-03-10,1113.0,1156.0,1168.0,1113.0,58062.0,600519
1018,2020-03-11,1155.5,1158.52,1169.58,1141.0,35548.0,600519
1019,2020-03-12,1141.22,1138.5,1153.0,1125.1,36631.0,600519
1020,2020-03-13,1090.0,1112.03,1128.98,1080.0,75885.0,600519
1021,2020-03-16,1103.98,1067.0,1107.95,1062.0,51233.0,600519
1022,2020-03-17,1055.0,1045.1,1078.0,1011.12,79359.0,600519
1023,2020-03-18,1040.0,1007.99,1060.0,1007.99,73460.0,600519
1024,2020-03-19,993.99,996.0,1015.0,960.1,102265.0,600519
1025,2020-03-20,1011.0,1035.28,1043.0,1011.0,60139.0,600519
1026,2020-03-23,1000.0,1019.0,1035.28,991.52,48472.0,600519
1027,2020-03-24,1043.0,1056.0,1058.88,1035.0,46651.0,600519
1028,2020-03-25,1087.98,1080.1,1091.36,1074.2,37049.0,600519
1029,2020-03-26,1073.33,1064.92,1091.2,1062.0,30049.0,600519
1030,2020-03-27,1085.0,1075.5,1092.0,1075.01,36261.0,600519
1031,2020-03-30,1060.25,1072.0,1077.0,1057.0,30687.0,600519
1032,2020-03-31,1082.0,1111.0,1115.0,1081.8,47984.0,600519
1033,2020-04-01,1117.0,1103.0,1129.0,1103.0,33205.0,600519
1034,2020-04-02,1104.0,1145.0,1145.0,1103.88,45206.0,600519
1035,2020-04-03,1139.03,1139.79,1147.96,1131.98,27618.0,600519
1036,2020-04-07,1161.95,1159.95,1166.5,1148.89,43488.0,600519
1037,2020-04-08,1152.0,1159.76,1166.31,1152.0,24224.0,600519
1038,2020-04-09,1166.0,1158.5,1169.0,1147.96,22817.0,600519
1039,2020-04-10,1157.88,1165.0,1181.5,1153.5,27804.0,600519
1040,2020-04-13,1165.0,1162.3,1169.98,1148.5,15981.0,600519
1041,2020-04-14,1176.0,1185.1,1191.55,1166.0,36800.0,600519
1042,2020-04-15,1192.0,1189.6,1203.99,1187.1,29332.0,600519
1043,2020-04-16,1192.97,1197.1,1197.1,1184.1,21728.0,600519
1044,2020-04-17,1210.0,1226.0,1234.56,1205.01,38246.0,600519
1045,2020-04-20,1221.0,1227.3,1231.5,1216.8,24239.0,600519
1046,2020-04-21,1221.02,1200.0,1223.99,1193.0,29224.0,600519
1047,2020-04-22,1206.0,1244.5,1249.5,1202.22,44035.0,600519
1048,2020-04-23,1250.0,1252.26,1265.68,1247.77,26899.0,600519
1049,2020-04-24,1248.0,1250.56,1259.89,1235.18,19122.0,600519
1050,2020-04-27,1257.0,1276.0,1278.17,1250.96,25904.0,600519
1051,2020-04-28,1285.31,1279.13,1299.94,1271.88,34662.0,600519
1052,2020-04-29,1277.8,1274.9,1288.1,1258.0,23444.0,600519
1053,2020-04-30,1271.0,1265.7,1285.01,1258.88,24661.0,600519
1054,2020-05-06,1251.0,1300.0,1300.0,1250.0,35835.0,600519
1055,2020-05-07,1299.4,1312.0,1314.99,1293.0,27935.0,600519
1056,2020-05-08,1317.0,1314.61,1338.0,1308.51,29079.0,600519
1057,2020-05-11,1320.0,1323.01,1335.0,1313.67,23671.0,600519
1058,2020-05-12,1318.0,1333.0,1334.99,1316.0,19722.0,600519
1059,2020-05-13,1333.0,1335.95,1337.99,1322.88,22014.0,600519
1060,2020-05-14,1330.0,1326.59,1334.88,1325.11,18575.0,600519
1061,2020-05-15,1329.0,1313.0,1333.5,1301.88,26398.0,600519
1062,2020-05-18,1306.0,1346.21,1351.5,1305.13,34362.0,600519
1063,2020-05-19,1364.0,1346.11,1364.0,1338.0,24787.0,600519
1064,2020-05-20,1346.11,1351.0,1359.18,1336.81,21183.0,600519
1065,2020-05-21,1355.0,1366.1,1371.96,1352.86,23052.0,600519
1066,2020-05-22,1366.0,1328.2,1366.1,1322.88,34427.0,600519
